
{
  "Cm1" : 6040,
  "Cm1_brake" : 356.1283,
  "Cm2" : 0.05,

  "Cr0" : 15,
  "Cr2" : 0.725,

  "Br" 	: 13.5106,
  "Cr" 	: 1.74476004071079,
  "Dr" 	: 4134,

  "Bf"	: 13.5106,
  "Cf" 	: 1.74476004071079,
  "Df" 	: 3954,

  "m" 	: 481.6,
  "Iz" 	: 550,
  "lf" 	: 1.631,
  "lr" 	: 1.34,

  "car_l": 2.971,
  "car_w": 2.0,

  "g"   : 9.81,

  "R_in" : 12,
  "R_out" : 12,

  "max_dist_proj": 5.0,

  "E_long" : 10.0,
  "E_eps" : 10.0,

  "maxAlpha" : 0.095,

  "initial_velocity" : 1.0,
  "s_trust_region" : 1.0,

  "vx_zero": 0.3
}