
{
  "Cm1" : 2853.6789,
  "Cm1_brake" : 356.1283,
  "Cm2" : 0.0,

  "Cr0" : 71.272,
  "Cr2" : 0.4440625,

  "Br" 	: 7.3689,
  "Cr" 	: 1.9589,
  "Dr" 	: 4702.8301,

  "Bf"	: 7.0215,
  "Cf" 	: 1.9148,
  "Df" 	: 3621.6843,

  "m" 	: 481.6,
  "Iz" 	: 550,
  "lf" 	: 1.738476549225652,
  "lr" 	: 1.232523450774348,

  "car_l": 2.971,
  "car_w": 2.0,

  "g"   : 9.81,

  "R_in" : 12,
  "R_out" : 12,

  "max_dist_proj": 5.0,

  "E_long" : 0.9,
  "E_eps" : 0.95,

  "maxAlpha" : 0.6,

  "initial_velocity" : 1.0,
  "s_trust_region" : 1.0,

  "vx_zero": 0.3
}